{"cameraMode":{"drawMode":0,"name":"Shaded","section":"Shading Mode"},"sceneLighting":true,"audioPlay":false,"sceneViewState":{"showFog":false,"showMaterialUpdate":false,"showSkybox":true,"showFlares":false,"showImageEffects":false,"showParticleSystems":false},"in2DMode":false,"pivot":{"x":3.670297861099243,"y":1.193833351135254,"z":0.26218023896217348},"rotation":{"x":-0.16249637305736543,"y":0.0833665058016777,"z":-0.013778041116893292,"w":-0.9830939173698425},"size":4.624138355255127,"orthographic":false}